NDOC;HRP5;HRP5_1B;ASSALARIADO
1;275.03;0.00;N
2;1029.80;1067.65;S
3;1220.44;1190.02;N
4;1155.48;1128.70;N
5;2807.13;423.25;N
6;4237.04;289.39;S
7;101.00;0.00;S
8;1936.65;1848.68;S
9;1989.52;1532.69;S
10;32.10;167.55;N
11;1655.44;1981.89;N
12;2262.74;2652.22;S
13;1090.91;1090.91;N
14;2792.08;3545.67;S
15;18607.80;18607.80;S
16;2536.97;2176.68;N
17;9379.26;9069.95;S
18;1638.95;2361.99;N
19;1000.57;1722.15;N
20;1057.93;1135.99;N
21;4531.67;4531.67;S
22;1265.06;1291.20;S
23;311.72;72.77;N
24;338.09;510.45;S
25;905.42;1131.57;N
26;935.51;779.50;S
27;431.05;409.31;S
28;402.62;338.02;N
29;1278.55;1501.12;S
30;999.28;1393.88;S
31;1213.75;1580.10;S
32;3910.02;6276.37;S
33;296.71;73.68;N
34;2502.85;3758.28;S
35;2675.21;3915.31;S
36;2419.22;1539.20;S
37;395.79;521.72;N
38;1998.45;2443.00;S
39;9396.35;12450.22;N
40;16539.76;16539.76;N
41;1663.39;1868.40;N
42;1604.83;2122.67;S
43;9230.52;9230.52;S
44;1003.55;873.84;S
45;1009.67;1009.67;S
46;7727.95;6377.14;N
47;8980.61;10511.28;S
48;4768.27;4708.91;S
49;18107.72;26561.82;N
50;4728.13;4720.47;N
51;3444.87;2563.47;N
52;193.13;0.00;S
53;1981.15;2177.70;N
54;12654.66;12654.66;S
55;2313.68;2074.90;S
56;2001.69;1527.78;S
57;1069.97;1066.06;N
58;1309.28;1110.53;N
59;8386.59;7989.72;S
60;1429.89;1197.26;S
61;1901.18;2196.62;S
62;1818.42;1474.39;N
63;475.14;683.94;S
64;2494.38;2650.05;S
65;425.15;425.15;N
66;1050.22;1050.74;N
67;15954.52;20578.50;N
68;4095.74;4163.31;S
69;2765.81;2593.56;S
70;1319.71;1647.27;S
71;407.60;396.33;N
72;2695.52;1753.48;N
73;7095.11;4101.95;N
74;1029.02;846.42;S
75;622.26;622.26;S
76;2027.10;2624.10;S
77;326.85;511.71;S
78;19.38;24.06;S
79;2754.23;2790.15;N
80;2563.97;2198.92;S
81;2114.53;1677.35;N
82;1715.01;1715.01;N
83;2101.90;2344.30;N
84;3694.41;2888.64;N
85;3211.08;1672.41;N
86;2965.47;3207.80;S
87;2268.40;2459.89;S
88;1610.33;2365.54;S
89;3680.68;5428.06;S
90;1758.16;1165.74;N
91;691.79;513.21;S
92;2330.79;2626.30;S
93;535.86;733.66;S
94;15246.37;17444.28;N
95;534.14;656.51;S
96;3981.76;3478.16;S
97;941.06;909.42;S
98;149.20;701.46;N
99;2790.74;1797.00;N
100;13053.80;7621.13;N
101;660.43;660.43;S
102;2.68;0.00;S
103;2454.03;3393.95;N
104;7125.69;3829.96;N
105;307.61;221.25;S
106;2942.68;1322.32;N
107;961.91;437.10;S
108;1040.23;627.58;N
109;2634.78;3314.38;S
110;3659.61;3425.32;N
111;1314.52;1618.35;S
112;2542.59;2943.18;N
113;3407.12;4230.82;N
114;16088.72;19582.76;S
115;19129.30;25726.28;S
116;1273.42;1512.81;N
117;7541.20;8740.04;S
118;7538.69;8072.52;S
119;1148.60;1089.42;N
120;1188.65;1079.70;S
121;2705.23;2572.96;S
122;1037.02;269.61;N
123;1456.93;1406.90;S
124;13385.61;11369.42;S
125;1316.66;631.16;N
126;79741.31;105935.25;N
127;2903.42;2903.42;S
128;1374.84;1374.84;N
129;2792.52;2792.52;S
130;4239.42;4882.77;S
131;1009.40;1137.51;S
132;1587.57;1591.30;S
133;1483.21;1173.53;S
134;16582.30;13628.67;S
135;2496.73;2863.97;S
136;2620.89;2416.26;S
137;8231.70;5133.94;N
138;1747.48;1747.48;S
139;1971.49;2506.54;S
140;1806.49;1712.50;N
141;18601.41;28710.46;S
142;3027.84;2571.81;S
143;4880.58;4880.58;S
144;884.23;980.15;S
145;6510.95;9768.75;N
146;887.26;887.26;S
147;2743.14;2412.48;S
148;489.35;534.70;S
149;9277.25;9277.25;S
150;1977.84;1706.99;N
151;1662.77;1520.76;N
152;564.58;564.58;S
153;215.95;293.81;N
154;3289.38;3289.38;S
155;661.06;661.06;S
156;3475.86;3906.31;S
157;2476.25;2452.90;S
158;783.23;480.10;N
159;1401.62;988.31;S
160;2065.68;1729.55;S
161;1453.72;2157.11;N
162;4441.68;3480.35;N
163;1095.09;918.86;S
164;831.77;831.77;N
165;2811.77;2347.56;S
166;1665.34;1886.68;S
167;1577.92;1241.06;N
168;1762.61;1725.10;N
169;2642.70;2642.70;N
170;3534.90;3534.90;N
171;1339.82;1339.82;N
172;2400.78;2400.78;N
173;746.11;640.34;N
174;4135.19;4135.19;N
175;617.84;936.31;S
176;1754.94;1754.94;S
177;1678.49;1714.04;S
178;301.42;469.32;S
179;2175.69;1991.70;S
180;861.76;861.76;N
181;9310.55;7555.65;S
182;324.77;14.03;S
183;3486.63;3112.61;S
184;1168.13;1607.84;S
185;2818.95;3181.20;S
186;4311.02;4311.02;N
187;1754.45;728.38;N
188;2864.25;3056.47;N
189;1056.17;1267.14;S
190;864.25;458.32;N
191;4791.75;5364.73;S
192;61.87;61.87;S
193;1714.32;1994.89;N
194;1158.75;1408.25;S
195;4294.61;4294.61;S
196;2284.15;1608.86;S
197;2141.43;2834.94;S
198;6547.91;7276.59;S
199;2685.41;1951.19;N
200;214.19;216.15;S
201;3202.28;1766.31;S
202;1162.25;944.79;S
203;1676.36;1634.64;S
204;1309.47;1048.61;S
205;14616.80;10533.01;N
206;3276.80;1631.36;N
207;4702.33;4975.04;S
208;1946.41;502.01;S
209;13749.13;13749.13;S
210;4299.92;5027.46;N
211;705.54;780.06;N
212;1727.23;2125.84;N
213;1793.90;2753.50;S
214;1241.94;1241.94;S
215;2240.56;2259.71;S
216;1507.33;1307.01;S
217;12536.50;12536.50;N
218;1732.94;1489.36;N
219;1813.51;1813.51;S
220;1695.39;1663.80;N
221;1043.81;1043.81;S
222;7576.92;7137.67;S
223;1780.84;1931.70;S
224;2894.64;3801.29;N
225;1801.15;2539.91;N
226;1080.07;1329.45;S
227;1042.36;922.33;N
228;5375.21;3646.47;N
229;607.57;677.99;N
230;1567.24;956.09;S
231;2529.46;2017.19;N
232;1386.99;1490.24;N
233;1916.48;2958.45;N
234;1087.79;1082.94;N
235;1891.33;1412.51;S
236;1121.36;2368.91;N
237;2611.95;2611.95;N
238;77509.57;86461.22;S
239;2449.97;1897.41;N
240;966.26;993.89;N
241;322.66;661.81;S
242;1635.06;2016.89;N
243;941.61;941.61;S
244;2605.14;641.45;N
245;2766.96;2432.76;S
246;7414.72;7408.24;S
247;1484.25;1314.15;S
248;4950.75;4950.75;N
249;2319.12;2620.19;S
250;1615.38;1769.94;S
251;1763.12;1511.05;S
252;7527.22;8586.18;S
253;8271.30;6035.01;S
254;2763.86;1986.44;N
255;504.26;1084.70;S
256;13939.04;12304.59;S
257;1500.08;1500.08;S
258;1473.74;1191.79;S
259;990.62;1061.39;N
260;2299.79;2284.62;S
261;4450.65;5740.69;S
262;4155.27;3351.22;N
263;3295.55;5684.08;N
264;1151.43;1125.25;S
265;2062.28;2062.28;N
266;1662.23;1836.83;S
267;1771.99;1368.13;S
268;558.09;657.48;S
269;2317.04;3037.67;S
270;2379.69;2561.60;S
271;1714.14;1683.68;S
272;1933.02;2610.76;S
273;2531.04;3245.55;S
274;3010.36;3662.92;S
275;1199.46;1211.12;N
276;2535.15;3496.76;S
277;919.63;784.86;N
278;9383.72;9383.72;N
279;982.99;1265.50;S
280;3936.04;3936.04;N
281;458.91;849.08;S
282;3350.99;4294.85;S
283;2184.78;2184.78;S
284;260.79;0.00;S
285;653.68;769.76;N
286;1895.12;2075.71;S
287;2219.13;2219.13;S
288;2605.74;2241.45;S
289;247.47;204.82;N
290;564.17;564.17;N
291;1572.70;1572.70;S
292;1116.24;1085.92;S
293;1513.25;2034.91;N
294;1816.45;1605.13;N
295;19345.83;19345.83;S
296;408.87;0.00;N
297;13824.80;16836.07;S
298;1653.53;2111.64;N
299;3.47;3.47;N
300;2544.45;2766.54;S
301;8625.12;8625.12;S
302;1766.05;2102.27;N
303;2703.29;2703.29;S
304;1234.34;1240.87;N
305;4463.03;3667.32;S
306;660.21;767.27;S
307;8129.97;1452.84;N
308;3637.47;4349.05;N
309;3601.47;3966.64;S
310;2134.09;2634.52;N
311;724.58;724.58;N
312;2602.92;3425.24;S
313;1869.47;2066.66;S
314;999.57;1270.66;N
315;2775.51;1912.26;N
316;1098.61;887.94;S
317;1562.52;1943.93;S
318;1152.41;1218.07;S
319;2257.33;3101.17;N
320;3338.53;2301.52;S
321;33.82;0.00;N
322;3462.87;4492.28;S
323;2616.52;2475.79;N
324;1274.74;1833.95;S
325;5535.08;5535.08;N
326;526.46;758.16;S
327;2990.23;2453.59;S
328;3187.00;499.86;N
329;4131.71;868.12;S
330;1046.56;1046.56;N
331;7817.55;7817.55;N
332;1961.47;1619.55;N
333;240.47;462.26;S
334;988.48;163.47;N
335;3681.19;4558.94;S
336;1992.59;1999.98;S
337;2085.69;2036.26;N
338;2633.90;1359.92;S
339;187.39;1093.06;S
340;1385.24;1470.69;S
341;15719.60;15719.60;N
342;301.13;461.29;S
343;251.70;38.97;S
344;1948.82;1396.03;S
345;4719.02;5719.28;S
346;1964.57;2279.23;S
347;376.06;441.39;S
348;1681.71;2073.76;S
349;1692.84;1719.92;S
350;658.66;588.26;N
351;1506.61;1271.59;S
352;7684.53;10511.73;S
353;2044.30;1862.84;S
354;1010.55;608.26;N
355;1391.13;1127.44;S
356;415.98;898.71;S
357;1206.87;1104.80;S
358;1810.19;1810.19;S
359;2677.14;2677.14;N
360;174.45;174.45;N
361;6159.28;7548.98;S
362;2197.32;2100.87;S
363;3125.13;3125.13;N
364;325.98;701.67;N
365;2611.31;2000.84;N
366;2297.44;2624.41;N
367;693.44;743.23;S
368;2693.43;3525.62;S
369;1451.00;1451.00;S
370;136.53;122.40;S
371;1839.89;1947.93;N
372;1537.61;1537.61;S
373;2765.92;3237.23;S
374;1822.61;1822.61;N
375;1989.78;1989.78;N
376;3595.42;2631.78;N
377;17756.32;20513.80;S
378;2165.98;2165.98;N
379;59.36;305.61;S
380;1267.34;1785.55;N
381;4837.54;5170.75;N
382;2828.48;2583.39;S
383;1451.99;1591.96;S
384;6845.36;7364.96;S
385;2458.45;2297.78;N
386;1211.85;1242.38;S
387;1343.74;1584.37;S
388;857.65;1317.16;S
389;650.00;650.00;N
390;1654.59;1189.22;N
391;1699.44;1132.70;S
392;2009.29;2067.39;S
393;383.07;565.61;S
394;4506.32;4506.32;S
395;530.51;530.51;N
396;1722.43;2164.83;N
397;100.47;0.00;N
398;276.97;276.97;S
399;2607.59;2122.10;S
400;1509.52;1668.87;S
401;1112.74;614.05;N
402;5659.91;3995.07;N
403;8851.84;8851.84;N
404;1039.83;1039.83;S
405;1628.57;1098.40;N
406;2277.47;2174.49;S
407;1634.29;1652.22;S
408;3115.81;3115.81;N
409;1608.83;1384.58;S
410;2163.83;947.30;N
411;781.12;3543.96;S
412;2576.65;2576.65;S
413;1499.61;1593.38;S
414;2228.40;3284.85;S
415;1150.08;1208.24;S
416;1321.80;1080.47;N
417;1901.94;1901.94;S
418;19540.79;19540.79;N
419;1844.85;1944.46;S
420;1622.72;1339.84;S
421;8802.41;11141.25;S
422;4754.40;6389.83;S
423;529.81;466.94;N
424;921.27;438.30;N
425;95.58;95.58;N
426;567.82;645.76;N
427;4401.45;4636.79;S
428;4169.42;4169.42;S
429;1406.51;1657.44;S
430;157.62;3655.59;S
431;355.74;222.95;S
432;1452.20;1791.35;S
433;830.37;1359.27;S
434;2582.32;2554.39;N
435;1128.79;1167.99;N
436;3790.00;3790.00;S
437;214.72;214.72;N
438;5173.25;5774.93;S
439;279.78;279.78;S
440;7629.07;8689.27;S
441;1544.52;1857.48;N
442;1219.02;1261.76;S
443;4999.21;6635.42;S
444;5279.54;6139.74;N
445;4690.44;4690.44;S
446;4395.25;6011.00;S
447;2188.23;2543.11;S
448;232.62;248.48;S
449;716.94;2917.22;S
450;4721.34;2599.06;N
451;1136.45;1136.45;S
452;4921.32;7072.78;N
453;3446.47;3930.40;N
454;2948.79;2264.15;S
455;2921.04;3532.13;S
456;2238.00;3192.69;S
457;2886.65;2917.15;N
458;1.28;0.00;S
459;1546.02;1546.02;S
460;4301.94;4870.94;S
461;1951.66;1951.66;S
462;1731.99;1928.28;S
463;1030.99;1702.53;N
464;189.98;0.00;S
465;49.64;0.00;S
466;1662.02;1859.63;S
467;843.77;909.74;S
468;1184.88;1280.64;S
469;268.56;268.56;S
470;2085.71;300.57;N
471;4636.81;3284.26;S
472;1078.96;742.08;N
473;2620.27;2620.27;N
474;984.37;922.81;N
475;1997.27;2057.26;N
476;388.10;480.01;N
477;4246.12;3108.08;N
478;4879.30;4859.99;S
479;1410.89;1143.85;S
480;2038.78;1905.70;N
481;5101.16;4746.25;N
482;868.90;868.90;N
483;1825.82;1249.69;N
484;4481.89;5570.54;S
485;1506.80;1506.80;S
486;3057.90;3057.90;N
487;3498.98;4701.86;N
488;1635.41;1635.41;N
489;1594.04;1594.04;S
490;2349.76;2349.76;N
491;2688.85;2349.11;N
492;4294.76;4535.15;N
493;8236.86;10033.16;S
494;16427.40;15917.19;S
495;2824.31;3680.85;S
496;1647.34;1634.77;N
497;2861.49;1955.84;N
498;4799.37;5304.97;S
499;2655.40;2761.10;N
500;2572.04;2572.04;S
501;534.64;557.82;N
502;4752.99;4752.99;N
503;258.65;154.98;S
504;355.28;674.06;S
505;1851.21;2096.84;S
506;7502.39;7379.72;S
507;200.30;0.00;N
508;2778.94;2697.62;S
509;1761.19;1761.19;S
510;1763.57;1763.57;N
511;2403.39;2243.86;N
512;322.21;659.65;S
513;2344.35;2344.35;S
514;2167.02;2402.19;S
515;1887.97;1995.98;S
516;9591.03;11053.87;S
517;2168.98;1975.79;N
518;1048.59;2416.78;S
519;1474.40;1474.40;S
520;2301.12;1833.62;N
521;3209.83;3742.94;S
522;262.99;603.67;S
523;1207.69;1309.45;S
524;4338.04;4338.04;N
525;1723.56;1723.56;S
526;988.67;1008.61;S
527;1801.60;1846.17;S
528;4326.71;4326.71;S
529;1621.81;2401.50;S
530;12718.33;15874.26;S
531;696.17;696.17;N
532;416.03;183.18;N
533;1028.82;917.01;S
534;411.28;411.28;N
535;1704.57;1624.51;S
536;2338.30;2110.43;N
537;1676.30;1798.40;S
538;2156.93;2473.70;S
539;970.15;970.15;S
540;2403.28;1934.83;S
541;1118.71;930.77;N
542;90.90;0.00;S
543;2950.36;3589.34;S
544;2473.13;2528.26;S
545;1829.88;2106.52;S
546;140.45;55.93;S
547;6964.48;7600.69;S
548;9187.33;9956.56;S
549;498.83;963.50;N
550;1921.16;1921.16;S
551;2128.38;1414.08;S
552;19159.10;19889.72;S
553;412.75;276.60;S
554;2935.51;3517.56;N
555;2981.34;3772.28;S
556;352.24;168.10;S
557;3571.86;670.25;N
558;3321.87;3966.08;S
559;3064.61;4439.31;S
560;2561.27;2454.49;N
561;6937.77;8554.34;N
562;1620.56;1852.14;S
563;2755.11;1351.91;N
564;682.66;682.66;S
565;1377.20;1327.94;S
566;1709.69;1709.69;S
567;1050.86;731.05;S
568;1784.03;2090.39;S
569;1537.04;1537.04;S
570;331.88;705.86;S
571;4962.27;4962.27;N
572;1904.50;472.66;N
573;9724.94;9080.16;S
574;1802.82;2995.81;N
575;5836.97;6174.36;S
576;4729.90;6186.39;N
577;4293.12;4077.18;N
578;54.27;0.00;S
579;1630.22;2228.78;S
580;2755.96;2529.37;N
581;3602.70;3602.70;S
582;1395.11;897.46;N
583;4091.45;5339.32;S
584;2373.13;1386.37;N
585;2537.15;2797.34;S
586;1645.93;2008.41;S
587;799.66;689.19;S
588;1290.65;1290.65;S
589;2487.19;3349.46;S
590;6588.93;5086.04;N
591;1316.33;1604.25;S
592;1840.11;1840.11;N
593;3925.70;3575.81;N
594;4717.43;4717.43;N
595;1886.34;1886.34;S
596;507.18;507.18;S
597;1590.04;1297.72;S
598;3731.64;3859.62;S
599;1396.79;922.79;S
600;514.14;1105.70;N
601;2483.50;2828.44;N
602;206.77;368.77;S
603;13240.71;9805.90;S
604;1173.85;1281.95;S
605;1907.24;1964.93;S
606;2501.84;2501.84;S
607;643.48;912.35;S
608;811.17;736.96;S
609;3044.89;3044.89;S
610;629.54;629.54;S
611;258.26;258.26;S
612;2563.60;2563.60;N
613;2283.45;2283.45;N
614;18673.02;18673.02;S
615;2794.62;3516.75;N
616;1453.47;1674.60;N
617;4008.72;4593.67;S
618;783.87;1122.20;N
619;4793.94;3468.15;N
620;1229.49;1191.24;S
621;4393.42;4393.42;N
622;1232.51;1637.27;S
623;2789.42;3073.33;S
624;1362.27;1362.27;N
625;1854.98;1641.06;N
626;1783.79;1466.61;N
627;1705.49;1886.14;S
628;2161.80;2154.19;S
629;2160.74;2403.58;N
630;1064.08;1147.14;N
631;2521.01;699.21;N
632;1201.71;2515.81;N
633;36.06;42.96;S
634;1395.14;651.14;N
635;1829.76;1906.24;S
636;929.71;1095.24;N
637;1947.02;2682.88;S
638;2966.06;2981.79;S
639;1586.83;1586.83;S
640;633.66;518.21;S
641;1009.72;1079.36;N
642;931.40;891.42;N
643;2909.93;3604.45;N
644;249.70;360.47;S
645;2613.83;2323.74;N
646;1985.36;2244.83;N
647;1222.09;1936.62;N
648;1393.72;2305.71;S
649;2011.82;1805.69;S
650;1237.14;1050.46;S
651;2372.31;2636.10;S
652;99.87;321.51;S
653;5747.74;6960.04;S
654;1720.56;1725.46;N
655;2060.04;1749.13;S
656;1560.35;1722.44;S
657;11989.58;10330.67;N
658;2487.49;2898.56;S
659;167.58;368.15;N
660;162.00;293.85;N
661;1444.90;1241.33;N
662;23.10;0.00;S
663;103.01;103.01;S
664;1026.36;934.90;N
665;2885.47;3286.77;S
666;3057.14;3477.28;S
667;1272.41;1767.75;N
668;2635.85;2134.34;S
669;1804.71;1897.38;S
670;4695.89;4969.33;S
671;1009.13;1411.74;N
672;1163.27;1223.81;S
673;764.54;615.51;S
674;3825.81;4291.07;N
675;1622.75;1622.75;N
676;534.97;534.97;S
677;1715.20;1985.07;S
678;1799.46;1464.89;S
679;5280.19;6881.10;N
680;4656.50;4656.50;N
681;771.23;699.05;N
682;1982.12;1570.49;N
683;937.42;1195.57;N
684;3435.58;3435.58;N
685;1167.36;783.48;N
686;2371.40;2371.40;S
687;618.64;818.77;S
688;2791.47;2791.47;N
689;17885.62;20297.25;S
690;1134.73;768.20;N
691;186.63;18.41;N
692;2068.88;2068.88;N
693;1367.11;1367.11;S
694;1185.53;1185.53;N
695;3477.57;2491.96;N
696;1551.47;1756.50;S
697;835.19;835.19;S
698;485.37;485.37;N
699;4315.84;4334.57;S
700;930.21;349.08;N
701;558.02;504.80;N
702;1040.65;1040.65;N
703;9802.93;9802.93;S
704;1189.46;1449.79;N
705;1105.51;1025.35;N
706;180.40;260.26;N
707;1315.15;1489.19;S
708;2608.41;3328.84;S
709;14475.00;13966.03;S
710;13018.42;4379.44;S
711;2556.32;2878.58;S
712;1582.16;1674.11;S
713;2723.58;3711.19;N
714;7976.16;8127.51;S
715;3695.86;3034.58;S
716;2602.30;2602.30;S
717;1304.78;1304.78;N
718;502.40;783.18;S
719;2504.73;2787.48;S
720;2049.31;2708.25;S
721;559.30;457.71;S
722;71.64;455.23;N
723;1348.31;1222.30;N
724;2990.16;3143.94;N
725;1757.73;2022.44;S
726;4640.27;4640.27;N
727;450.06;450.06;N
728;1203.80;1515.97;S
729;2018.39;2072.81;S
730;4235.93;4235.93;S
731;388.65;247.93;N
732;4298.82;3463.90;S
733;4063.12;4063.12;S
734;1926.35;1926.35;S
735;1333.57;1716.41;S
736;978.24;855.21;N
737;3058.93;3011.15;N
738;382.21;70.34;N
739;970.54;1163.47;S
740;1800.11;2052.00;S
741;98062.15;98062.15;S
742;6587.48;7364.66;N
743;2765.44;2083.58;N
744;9666.25;9630.10;N
745;2266.86;2425.01;N
746;2476.60;1925.19;S
747;1137.51;1137.51;N
748;3030.03;2676.09;S
749;927.10;953.20;N
750;404.87;404.87;S
751;1312.90;993.46;N
752;4041.30;4074.40;N
753;1735.17;1398.04;S
754;3922.69;4013.59;S
755;3903.40;5366.99;S
756;413.56;717.87;N
757;1250.08;1488.64;S
758;449.40;377.24;S
759;6893.39;7319.93;S
760;868.82;868.82;N
761;1309.52;856.13;N
762;622.56;560.44;S
763;6189.39;5584.35;S
764;547.34;653.28;N
765;4333.99;1178.25;S
766;2691.51;2633.32;N
767;5465.63;5395.37;S
768;2292.83;2292.83;S
769;1527.05;1026.61;N
770;2987.19;1710.14;N
771;2316.49;2885.47;S
772;1631.86;2182.18;S
773;23.99;295.89;N
774;1333.79;1245.02;N
775;3615.55;3892.29;S
776;2615.99;2615.99;S
777;1337.94;1637.26;S
778;2892.06;2960.22;S
779;3598.69;3218.69;N
780;4776.06;16265.11;N
781;2389.57;2879.70;N
782;413.87;671.98;S
783;1112.23;842.51;S
784;1500.05;1500.05;S
785;2523.63;3744.25;N
786;2132.72;1190.84;N
787;8435.26;1658.98;S
788;2312.14;2497.90;S
789;1117.65;1117.65;S
790;622.94;879.72;S
791;2283.27;3095.95;S
792;470.74;571.63;S
793;2592.76;2335.17;S
794;2670.87;3889.15;N
795;4839.38;4038.30;S
796;223.79;0.00;S
797;2788.78;2548.80;N
798;1170.80;1113.59;S
799;3651.74;3696.74;N
800;2547.95;2561.57;S
801;3870.71;3648.30;S
802;7870.94;7056.45;S
803;955.88;955.88;N
804;4542.69;3716.05;S
805;9516.28;10934.34;N
806;1577.93;1577.93;S
807;1570.28;1610.86;N
808;1089.29;1089.29;N
809;1127.56;999.15;N
810;3718.49;4077.57;N
811;1382.79;1058.75;S
812;1924.48;3326.01;S
813;15.71;31.83;S
814;2415.86;2488.26;S
815;1552.05;1667.33;S
816;3473.50;3219.19;S
817;2704.88;2704.88;N
818;2142.09;3354.57;S
819;889.92;889.92;S
820;2960.41;2960.41;S
821;3625.00;3625.00;N
822;3937.74;3183.55;S
823;3578.42;3578.42;N
824;2726.97;3615.73;N
825;18088.96;19307.07;S
826;1132.54;1119.57;N
827;2151.14;2284.87;S
828;4724.03;5569.28;S
829;1993.59;2397.13;S
830;2345.08;2440.65;S
831;1746.15;1545.34;S
832;870.28;870.28;S
833;1678.49;1532.45;N
834;7158.93;8096.39;N
835;2391.15;2252.82;S
836;1690.28;1690.28;S
837;2831.69;2831.69;S
838;445.94;938.51;S
839;4900.98;4511.77;N
840;2899.90;4131.75;S
841;1936.18;2263.88;S
842;3646.81;3646.81;N
843;3765.60;5823.46;S
844;1928.59;2468.14;S
845;643.34;519.84;N
846;1445.88;2012.66;S
847;1700.06;1009.64;N
848;1844.05;9089.88;S
849;2935.04;2763.77;S
850;534.63;787.09;N
851;39.33;332.77;N
852;1084.86;937.36;N
853;2489.23;2489.23;N
854;1533.94;787.78;S
855;807.10;738.25;S
856;2924.82;2924.82;S
857;2471.22;3420.22;S
858;307.34;332.62;S
859;497.14;891.90;N
860;16783.98;22928.63;N
861;4528.46;4172.35;N
862;2553.41;2850.03;S
863;2777.66;2777.66;N
864;179.41;179.41;S
865;7081.11;7096.35;N
866;1412.03;1258.20;N
867;8135.96;8721.62;S
868;1095.68;951.97;S
869;2276.43;2276.43;N
870;2968.57;2285.06;N
871;1805.15;2551.87;S
872;3970.12;3970.12;S
873;2592.71;3196.01;N
874;1098.06;1153.19;N
875;1890.49;1890.49;S
876;1387.33;1387.33;N
877;2975.56;4091.59;N
878;3917.16;3917.16;S
879;8018.18;7165.70;S
880;3172.95;21.35;N
881;1730.02;1883.18;N
882;2148.97;1768.61;N
883;1479.27;1526.33;S
884;731.79;988.50;S
885;1304.84;1771.84;S
886;1789.86;1075.46;N
887;6664.53;6664.53;S
888;1946.10;1933.45;S
889;2054.81;1053.18;N
890;2365.57;2365.57;S
891;709.34;842.36;S
892;7900.60;9440.42;S
893;1680.23;2142.57;S
894;709.83;628.54;S
895;9043.98;14275.61;N
896;6441.86;7779.49;S
897;4041.38;4358.83;S
898;1443.86;1604.88;S
899;8223.36;7947.33;S
900;2841.91;3078.87;S
901;1484.24;1551.48;S
902;924.13;1424.73;S
903;2153.48;2700.04;N
904;562.49;562.49;S
905;1372.91;1736.57;S
906;1145.38;1245.63;S
907;1705.45;1832.38;N
908;565.23;573.88;S
909;550.96;503.87;N
910;641.31;1201.05;S
911;1445.46;1951.86;S
912;2943.40;3072.95;S
913;1284.65;1796.34;S
914;1992.60;2044.06;N
915;5697.84;6824.04;S
916;10661.16;10414.79;N
917;1555.81;1424.56;N
918;2042.23;2217.43;S
919;2.45;0.00;S
920;7085.78;6199.15;N
921;10667.25;9230.00;S
922;1694.25;1694.25;N
923;2845.28;2845.28;S
924;1878.32;1878.32;S
925;1419.51;1532.59;S
926;1766.44;1766.44;N
927;4087.42;4664.22;S
928;2095.83;2070.09;N
929;1340.31;1628.91;S
930;8067.14;6906.50;S
931;460.49;460.49;N
932;7397.59;4872.05;N
933;3684.09;5242.37;S
934;226.57;226.57;N
935;690.82;1097.68;S
936;793.06;960.03;S
937;2754.55;3204.38;S
938;1090.78;1450.88;S
939;1728.55;1699.28;S
940;191.55;97.94;S
941;504.20;662.16;S
942;354.82;504.87;N
943;110.32;110.32;N
944;2557.13;2557.13;N
945;283.61;759.10;S
946;1855.37;1855.37;S
947;3951.35;6042.61;S
948;1658.55;1658.55;S
949;1590.56;1590.56;S
950;10647.10;8392.66;N
951;4450.40;4308.67;S
952;2400.24;1644.89;N
953;3216.07;2663.78;S
954;68.23;51.27;S
955;2096.33;2096.33;S
956;4585.46;3458.21;N
957;4093.24;5228.90;S
958;1376.34;1848.02;S
959;2491.48;2491.48;S
960;1109.38;559.32;N
961;4013.37;2432.13;S
962;13204.83;13204.83;S
963;3697.75;5446.83;S
964;1357.37;1240.41;S
965;5327.50;5687.64;S
966;4136.10;4654.18;S
967;1390.30;1345.38;N
968;1764.90;1553.90;S
969;4574.30;52162.19;S
970;2091.96;2643.55;S
971;1209.74;869.00;N
972;1200.08;972.84;S
973;703.33;617.74;S
974;1937.16;924.10;N
975;2522.27;2970.86;S
976;1318.65;1624.49;S
977;2256.45;1990.16;N
978;3928.32;136.43;S
979;4317.34;4317.34;S
980;14858.42;14858.42;N
981;601.60;619.65;N
982;943.16;1087.11;N
983;1828.98;2108.78;N
984;806.69;646.16;S
985;1144.28;1144.28;S
986;1254.31;876.98;N
987;1682.74;2011.65;S
988;3042.15;1365.94;N
989;2788.80;1996.49;N
990;3244.11;3711.46;S
991;12555.34;12555.34;S
992;210.39;140.72;N
993;1033.88;914.51;N
994;4434.77;5088.25;S
995;1602.12;641.59;S
996;3272.18;2491.80;N
997;1969.66;1797.80;S
998;1478.37;1707.79;N
999;414.50;414.50;N
1000;9421.71;15153.30;N
1001;9870.64;9870.64;N
1002;401.03;475.91;N
1003;718.58;805.97;N
1004;2190.54;2269.44;S
1005;4200.17;4596.69;S
1006;290.19;0.00;S
1007;1010.32;1010.32;N
1008;2686.85;2382.65;S
1009;332.86;160.47;S
1010;2748.24;2748.24;N
1011;2302.51;2118.23;S
1012;1503.75;1653.85;S
1013;116.84;116.84;S
1014;4669.61;5583.45;S
1015;3527.52;4068.02;N
1016;853.03;798.09;N
1017;260.22;394.19;S
1018;1709.03;1268.48;S
1019;868.17;868.17;S
1020;1272.79;978.54;S
1021;2416.42;2416.42;S
1022;2887.37;2887.37;N
1023;2394.17;3535.62;N
1024;4319.08;16561.73;S
1025;1731.55;2278.38;N
1026;2323.17;2323.17;S
1027;6906.95;9332.68;S
1028;3325.88;3700.32;S
1029;1432.36;1685.02;S
1030;4025.31;4827.63;N
1031;4621.99;1463.52;S
1032;2155.07;1825.30;S
1033;7388.06;7388.06;S
1034;9207.69;9858.20;S
1035;424.91;424.91;S
1036;2253.38;3021.25;N
1037;182.21;479.98;N
1038;1670.26;2249.12;S
1039;747.03;782.44;S
1040;171.74;0.00;S
1041;1618.50;1350.09;N
1042;1125.09;1125.09;S
1043;970.52;1392.00;S
1044;2790.01;2790.01;S
1045;1473.99;1473.99;S
1046;702.60;582.77;S
1047;2833.84;2833.84;S
1048;2713.09;3127.57;S
1049;1487.50;1148.05;S
1050;1714.29;1366.67;N
1051;1473.34;1753.08;N
1052;1192.20;1444.53;S
1053;2842.47;3481.82;S
1054;4346.21;4581.57;N
1055;1749.25;2052.09;N
1056;1993.77;6785.22;S
1057;4788.91;4788.91;S
1058;1617.56;1617.56;S
1059;1340.32;2039.56;S
1060;2515.39;1996.57;S
1061;3221.86;3221.86;S
1062;4894.77;5490.61;N
1063;5785.16;3831.48;N
1064;2334.61;2334.61;S
1065;1415.75;1774.03;N
1066;372.44;565.87;S
1067;1228.18;986.36;N
1068;3723.55;3723.55;N
1069;806.25;1067.77;S
1070;759.19;299.03;S
1071;2660.36;2572.32;N
1072;1742.70;2143.99;S
1073;2446.19;1056.97;N
1074;8907.82;1725.10;N
1075;991.92;1426.30;N
1076;27.89;0.00;N
1077;11104.42;11104.42;N
1078;2354.47;2354.47;S
1079;297.96;213.49;N
1080;2894.34;1637.71;N
1081;4429.71;4333.45;S
1082;2822.84;3885.01;S
1083;888.51;878.46;S
1084;1394.78;1244.45;S
1085;1973.27;2206.15;N
1086;2863.27;2863.27;S
1087;1746.50;1719.06;S
1088;571.76;571.76;S
1089;1991.02;1549.72;S
1090;894.25;1390.91;S
1091;1870.43;1515.75;S
1092;1720.03;1495.09;N
1093;1866.35;1887.29;S
1094;1540.99;1805.15;S
1095;2571.99;2011.17;N
1096;618.70;889.80;S
1097;5601.42;6169.24;S
1098;2887.66;3111.31;S
1099;3046.53;2556.97;S
1100;99.33;99.33;S
1101;1089.63;1144.08;S
1102;58.50;245.27;S
1103;3241.93;3246.08;S
1104;1115.08;1115.08;N
1105;1484.17;2074.46;S
1106;2246.32;2161.13;N
1107;2203.46;1988.87;S
1108;1911.49;2450.44;S
1109;10005.43;8420.28;S
1110;1632.21;1669.37;S
1111;1395.30;1395.30;S
1112;2279.46;1347.96;S
1113;1261.36;1008.26;N
1114;1599.51;1599.51;S
1115;2002.05;2519.50;N
1116;2762.47;2704.25;N
1117;4343.23;4119.96;S
1118;767.97;995.07;S
1119;19.78;0.00;S
1120;1717.81;1201.78;N
1121;2209.09;2209.09;N
1122;1869.92;1131.87;N
1123;2565.14;2565.14;S
1124;259.62;529.29;S
1125;2991.95;2797.43;S
1126;8204.83;12319.35;S
1127;1680.17;1356.47;N
1128;1420.06;1706.01;S
1129;737.44;786.33;S
1130;1625.99;1625.99;S
1131;4185.06;4361.92;S
1132;1054.43;802.08;S
1133;4250.70;1847.69;N
1134;919.12;1184.91;S
1135;2294.92;3385.64;N
1136;2010.61;1984.76;S
1137;8914.65;9248.11;S
1138;789.42;789.42;S
1139;2256.29;2152.70;S
1140;311.67;373.25;N
1141;3294.82;2678.30;N
1142;1835.17;1851.80;S
1143;3683.10;2012.18;N
1144;2963.06;2981.43;S
1145;219.41;219.41;N
1146;623.92;155.46;S
1147;184.24;290.58;N
1148;2765.53;2765.53;S
1149;174.15;3.74;S
1150;842.88;1176.14;S
1151;936.11;1312.53;N
1152;19976.95;21117.69;N
1153;3383.36;2541.47;N
1154;616.03;616.03;S
1155;3655.36;3655.36;S
1156;4703.01;5247.38;N
1157;2064.87;1946.60;S
1158;1321.82;1000.56;S
1159;1921.19;2344.05;S
1160;1306.00;250.20;N
1161;84.03;291.55;S
1162;1467.55;1402.80;N
1163;645.35;1081.46;S
1164;4853.21;4853.21;N
1165;200.31;200.31;S
1166;1815.56;2191.66;S
1167;4479.64;5531.32;N
1168;1405.76;923.30;N
1169;397.51;161.97;N
1170;4445.02;4489.62;N
1171;2209.58;1496.28;N
1172;5048.41;5713.39;S
1173;1778.64;1728.35;N
1174;952.64;469.39;N
1175;12042.05;9494.18;N
1176;1894.74;1894.74;S
1177;2032.06;1969.27;S
1178;1233.04;1352.81;N
1179;3821.72;3821.72;S
1180;1478.25;1478.25;S
1181;3259.86;1924.04;N
1182;7937.46;63.97;N
1183;4051.71;4810.76;S
1184;1880.99;1269.88;N
1185;3350.25;4413.75;N
1186;568.62;626.69;N
1187;2291.89;1960.15;S
1188;15528.24;17982.68;S
1189;1252.77;1285.90;S
1190;1745.96;1667.50;N
1191;1748.68;2420.18;N
1192;820.43;860.04;N
1193;1390.85;1390.85;S
1194;2153.50;2197.78;N
1195;2836.50;2304.79;S
1196;1052.42;1052.42;S
1197;4857.64;4893.72;N
1198;1192.15;1711.00;N
1199;167.05;309.97;N
1200;541.70;729.57;S
1201;1316.24;1355.83;S
1202;1067.33;1164.56;N
1203;1990.53;3024.06;S
1204;2677.90;2205.86;N
1205;1851.55;1662.51;N
1206;2232.43;2692.03;S
1207;1737.91;1521.30;N
1208;204.39;204.39;S
1209;2945.88;2690.52;N
1210;1977.57;1949.46;N
1211;539.31;415.04;S
1212;2381.49;2268.10;N
1213;634.37;634.37;S
1214;592.63;650.28;S
1215;1721.67;1996.99;N
1216;2271.86;3672.95;S
1217;1505.29;1288.86;S
1218;1854.04;2270.43;S
1219;1463.65;1203.05;N
1220;1154.72;1154.72;S
1221;1725.35;2308.04;S
1222;1641.05;1733.00;S
1223;2194.23;2782.76;S
1224;1688.49;1047.31;S
1225;813.13;500.43;S
1226;1681.07;923.86;S
1227;4288.79;3970.49;S
1228;422.94;625.26;S
1229;1307.98;1507.18;N
1230;3688.79;3688.79;N
1231;6989.85;696.32;N
1232;2733.04;2733.04;S
1233;2198.02;2198.02;S
1234;1814.37;1814.37;N
1235;759.16;816.26;S
1236;3332.25;2798.77;N
1237;1672.80;1672.80;S
1238;3014.45;3492.76;S
1239;2986.90;3686.40;S
1240;1890.15;1936.97;S
1241;356.03;571.85;S
1242;5694.32;6402.19;N
1243;1618.35;1122.86;N
1244;9063.10;9063.10;N
1245;807.56;779.28;S
1246;427.92;514.30;N
1247;2293.86;2293.86;N
1248;1571.89;1546.66;S
1249;2548.75;3187.55;S
1250;211.64;119.62;N
1251;928.97;790.12;N
1252;5615.49;5615.49;S
1253;2090.44;2528.32;S
1254;2377.01;2072.71;N
1255;4616.89;5309.22;S
1256;8723.09;8723.09;N
1257;4908.14;5617.31;S
1258;13196.43;9574.03;N
1259;395.31;350.52;N
1260;1455.78;2054.76;N
1261;2308.89;4416.41;N
1262;3990.05;3257.04;S
1263;732.66;633.30;N
1264;1391.81;913.33;S
1265;1677.90;1627.73;S
1266;2195.09;2271.89;S
1267;4699.62;4619.21;S
1268;1144.82;2575.68;N
1269;11476.05;5487.58;N
1270;11796.33;11796.33;S
1271;2593.39;488.63;N
1272;8263.98;6186.81;N
1273;4300.62;3352.11;N
1274;1668.79;2227.68;S
1275;2794.34;2794.34;S
1276;2433.66;2799.42;S
1277;812.87;812.87;N
1278;1812.20;1496.35;S
1279;752.99;776.28;N
1280;2800.51;2800.51;S
1281;161.21;135.81;S
1282;1544.43;1670.52;S
1283;1782.80;1176.09;N
1284;13521.17;14968.77;S
1285;299.71;322.55;S
1286;622.31;622.31;S
1287;1903.66;2359.81;S
1288;1070.56;1536.10;N
1289;2820.51;2845.41;S
1290;603.61;603.61;S
1291;548.37;548.37;S
1292;1333.52;1968.77;N
1293;925.64;925.64;S
1294;1821.34;894.31;N
1295;2896.57;2896.57;S
1296;1345.17;1756.13;N
1297;1127.57;1127.57;N
1298;126.37;70.15;S
1299;2249.11;1966.50;N
1300;1275.82;1840.19;N
1301;4894.91;5219.68;S
1302;5825.57;5825.57;N
1303;2492.85;3156.95;N
1304;1515.01;1820.99;N
1305;8729.59;6957.58;N
1306;9116.82;5195.45;N
1307;2881.93;2955.67;N
1308;7113.61;7313.71;S
1309;1766.41;1766.41;S
1310;1213.07;1112.57;S
1311;2825.73;2825.73;N
1312;2488.27;2269.85;S
1313;5930.79;7542.72;S
1314;123.84;394.48;S
1315;1428.34;1428.34;S
1316;438.57;653.41;N
1317;3396.93;3396.93;S
1318;1743.92;2107.77;S
1319;1421.10;1299.28;N
1320;7509.29;8427.62;N
1321;155.54;24.18;S
1322;17374.32;18102.43;S
1323;511.24;174.00;S
1324;3396.82;3729.08;S
1325;15911.96;19290.98;S
1326;2090.94;2090.94;S
1327;1633.31;1786.67;S
1328;1269.25;1176.48;N
1329;52.13;278.45;S
1330;948.33;2861.97;S
1331;2361.38;2112.53;S
1332;1887.19;1887.19;S
1333;586.56;402.93;N
1334;546.58;0.00;N
1335;191.71;595.46;N
1336;18949.13;15591.43;N
1337;7519.35;7519.35;S
1338;2128.93;2128.93;S
1339;4387.61;3961.53;S
1340;750.73;578.55;N
1341;217.81;42.04;S
1342;1303.41;903.99;N
1343;39.09;39.09;S
1344;6352.17;5204.74;N
1345;347.46;418.62;S
1346;2408.34;2595.00;S
1347;965.23;965.23;N
1348;1978.76;1899.70;N
1349;2870.03;2080.19;S
1350;2807.73;3357.82;S
1351;5468.46;5468.46;S
1352;3377.72;177.73;S
1353;2069.45;2069.45;S
1354;9851.93;9851.93;S
1355;2807.99;2986.60;S
1356;2043.74;2352.80;N
1357;19576.18;19576.18;S
1358;1707.46;1050.88;N
1359;1154.51;1154.51;S
1360;2123.08;2608.38;N
1361;912.17;912.17;N
1362;655.36;656.19;S
1363;169.56;169.56;N
1364;6786.54;9673.97;S
1365;2178.07;1158.97;N
1366;1817.56;3016.32;N
1367;4422.61;4422.61;N
1368;5743.21;5943.07;S
1369;1067.31;1255.78;N
1370;385.02;361.29;N
1371;1802.14;1988.82;N
1372;1821.40;1565.41;S
1373;2703.09;2957.62;N
1374;349.35;197.48;N
1375;4943.64;5792.52;S
1376;17039.63;26318.57;S
1377;2073.77;2102.08;N
1378;569.18;755.59;S
1379;2299.51;1923.57;N
1380;881.16;881.16;S
1381;1010.87;356.85;N
1382;7509.36;6245.78;N
1383;11251.33;11012.21;S
1384;2841.71;2094.54;N
1385;803.34;916.65;N
1386;3056.10;2650.43;N
1387;1551.69;1913.70;N
1388;2790.23;2790.23;S
1389;5042.39;5458.24;S
1390;2973.85;3778.81;N
1391;3300.37;3161.20;S
1392;463.11;786.87;S
1393;2768.83;2768.83;N
1394;1728.72;2045.72;N
1395;1855.95;2231.26;S
1396;2075.00;2075.00;S
1397;1804.73;1804.73;N
1398;1968.95;2200.09;N
1399;280.12;386.07;N
1400;1256.03;1194.44;S
1401;859.00;793.41;S
1402;4904.09;4646.97;S
1403;2620.61;2385.42;N
1404;3581.32;3581.32;S
1405;388.22;608.57;S
1406;1085.82;1479.74;N
1407;1317.28;1081.70;S
1408;155.74;2380.28;S
1409;1430.11;2349.72;N
1410;1635.69;1635.69;N
1411;1298.34;1422.54;S
1412;3184.88;3195.78;S
1413;1475.50;2073.42;S
1414;1009.93;843.66;N
1415;1986.37;1576.42;N
1416;1147.49;1999.42;S
1417;450.56;704.14;S
1418;979.03;921.14;S
1419;9858.72;7510.43;S
1420;2648.91;2069.20;N
1421;3226.76;3226.76;S
1422;594.89;751.98;S
1423;1620.38;1832.50;S
1424;2616.26;2047.20;S
1425;1581.23;1581.23;S
1426;1222.88;1303.85;S
1427;19140.29;22690.75;S
1428;1223.94;1339.85;S
1429;1241.55;1178.19;N
1430;4640.07;4370.22;S
1431;11926.60;14392.55;S
1432;2977.36;2977.36;S
1433;1437.40;1437.40;N
1434;1631.44;1743.92;N
1435;6018.81;6018.81;S
1436;2593.29;2593.29;S
1437;5393.86;5139.14;N
1438;1239.72;1318.08;N
1439;4540.78;4414.29;N
1440;2103.42;1759.97;N
1441;494.25;392.89;N
1442;959.22;959.22;S
1443;1313.58;567.29;N
1444;975.92;582.34;N
1445;2926.58;2926.58;S
1446;511.74;511.74;S
1447;216.96;549.26;N
1448;1953.23;1778.06;S
1449;1399.94;1399.94;S
1450;2887.31;2745.60;S
1451;4907.52;5846.54;S
1452;2607.30;1785.24;N
1453;33.76;0.00;S
1454;13522.53;13522.53;N
1455;1790.90;2486.39;S
1456;318.59;318.59;N
1457;1795.24;1568.98;S
1458;278.05;108.76;S
1459;1756.20;1692.06;N
1460;14212.37;14212.37;S
1461;1382.86;1695.78;S
1462;6421.83;3180.37;N
1463;2069.45;2069.45;S
1464;2274.67;1673.57;N
1465;1696.46;2009.95;N
1466;2029.29;2029.29;S
1467;322.86;364.09;S
1468;1902.88;2754.71;N
1469;947.14;947.14;N
1470;2812.49;3265.30;S
1471;4506.07;5640.95;S
1472;1577.88;1925.60;S
1473;1296.23;1296.23;S
1474;4318.96;4827.75;S
1475;216.14;327.30;S
1476;1858.46;2071.38;S
1477;6093.92;8698.50;S
1478;277.84;277.84;N
1479;4296.77;4296.77;S
1480;2240.56;2302.59;N
1481;1926.93;1926.93;S
1482;502.19;662.81;S
1483;2422.59;1729.18;N
1484;1681.16;1985.79;S
1485;1065.85;1065.85;S
1486;2715.82;3766.24;S
1487;785.73;1065.29;S
1488;1700.47;2018.95;S
1489;187.34;230.63;S
1490;263.83;263.83;S
1491;4188.01;2728.34;N
1492;4134.53;4719.64;S
1493;304.60;339.16;S
1494;1364.29;1364.29;S
1495;2891.37;3483.84;S
1496;2728.22;2728.22;S
1497;4318.73;4318.73;N
1498;741.01;915.78;S
1499;2965.45;1695.38;N
1500;1265.31;1399.35;N
1501;1041.10;1011.85;N
1502;17923.41;23035.58;S
1503;966.67;822.02;S
1504;40.95;0.24;N
1505;2000.64;2119.54;S
1506;3310.07;3310.07;N
1507;35738.19;42617.73;S
1508;4274.09;4939.40;S
1509;1563.91;1762.34;S
1510;554.28;841.94;S
1511;1875.92;2426.12;S
1512;2468.38;2957.49;N
1513;4230.42;4850.38;S
1514;2293.34;4749.82;S
1515;54.69;0.00;S
1516;1331.31;1331.31;S
1517;2739.36;2739.36;N
1518;740.42;1128.75;S
1519;1989.16;1989.16;S
1520;2114.71;2114.71;S
1521;96.86;102.84;N
1522;404.56;149.48;S
1523;2859.31;1808.10;N
1524;2170.78;1352.68;N
1525;7464.82;4825.59;N
1526;1027.97;1073.19;S
1527;8099.38;8099.38;N
1528;14679.07;12846.86;N
1529;1348.83;1254.92;N
1530;2339.29;2446.89;S
1531;1916.16;1949.53;S
1532;8876.99;10687.58;S
1533;2403.77;2403.77;S
1534;96.54;96.54;N
1535;1759.91;1730.04;N
1536;892.47;824.14;N
1537;3145.76;2308.46;S
1538;2377.63;2252.60;S
1539;1201.19;1201.19;S
1540;3384.59;2062.12;N
1541;6797.81;5884.89;N
1542;8211.16;9405.82;N
1543;2558.70;2558.70;S
1544;1376.12;1376.12;S
1545;3596.45;3596.45;S
1546;2330.92;3235.72;S
1547;871.47;1277.66;N
1548;1399.22;1399.22;N
1549;470.98;507.88;N
1550;1764.74;1764.74;S
1551;2924.17;3334.97;S
1552;8515.45;15487.48;N
1553;2080.59;507.60;S
1554;1303.42;1350.04;N
1555;4068.37;2860.82;N
1556;4390.88;4404.81;S
1557;13677.09;13677.09;N
1558;232.03;588.91;S
1559;2990.94;2990.94;N
1560;3153.22;3153.22;N
1561;349.67;545.77;S
1562;76.80;4.09;S
1563;6101.44;8248.06;S
1564;1267.54;1114.07;N
1565;2279.78;3864.59;N
1566;372.39;988.48;N
1567;1114.24;1389.67;N
1568;279.09;118.33;N
1569;184.43;281.03;S
1570;608.74;665.15;S
1571;3681.89;3420.64;S
1572;109.21;0.00;N
1573;1572.60;1248.00;N
1574;5659.36;5659.36;N
1575;5427.68;3846.33;N
1576;1659.23;1623.53;N
1577;1264.52;1264.52;S
1578;1466.44;1126.43;S
1579;6382.23;6796.12;S
1580;1869.06;1869.06;N
1581;617.95;617.95;N
1582;684.44;679.40;S
1583;2259.05;1735.17;S
1584;2349.73;2349.73;N
1585;1236.98;1318.86;S
1586;3286.16;3256.44;N
1587;1973.50;2080.66;N
1588;609.04;255.60;N
1589;1214.87;1722.19;S
1590;77.31;313.79;N
1591;1733.05;1760.58;S
1592;1269.18;1469.20;S
1593;1455.82;1767.99;N
1594;1351.98;1683.66;N
1595;1569.34;2118.51;S
1596;2138.14;2401.41;S
1597;15760.12;17459.21;S
1598;263.38;215.06;S
1599;1690.05;2533.62;S
1600;1402.32;1226.33;N
1601;2616.63;3890.75;N
1602;1449.75;1713.96;S
1603;4832.68;7031.73;S
1604;2379.37;1985.65;S
1605;1341.12;1543.99;S
1606;1318.58;1318.58;S
1607;4469.25;5299.52;S
1608;284.79;284.79;N
1609;1885.35;2623.99;S
1610;2141.00;9799.28;N
1611;3013.33;3636.88;S
1612;2520.89;2754.20;S
1613;1432.27;1822.15;N
1614;1079.07;964.65;S
1615;2512.84;2440.90;S
1616;8970.99;10732.55;S
1617;2007.97;2007.97;S
1618;8366.74;10937.78;S
1619;875.86;557.74;S
1620;418.16;559.78;S
1621;2180.06;2556.67;S
1622;1357.13;1548.98;N
1623;1969.36;1692.09;N
1624;696.97;546.67;S
1625;1234.86;847.58;S
1626;3523.21;3409.77;S
1627;1728.19;1723.38;N
1628;206.20;182.46;S
1629;722.23;1161.05;N
1630;2654.93;2360.17;N
1631;3458.67;4112.78;S
1632;5180.37;5180.37;N
1633;397.94;587.07;N
1634;272.46;272.46;N
1635;2131.19;2138.41;N
1636;3830.76;3830.76;N
1637;2151.85;2094.31;N
1638;1512.36;1512.36;S
1639;264.27;276.24;S
1640;2483.35;1393.65;N
1641;1108.30;1364.06;S
1642;2642.82;2821.86;S
1643;3979.62;5138.56;S
1644;2232.43;2353.19;N
1645;1565.31;2132.45;S
1646;1313.02;1299.56;N
1647;10814.34;10814.34;N
1648;1756.89;1756.89;N
1649;437.60;613.71;N
1650;1748.99;1457.94;N
1651;8383.42;7835.95;S
1652;1204.46;1006.63;S
1653;9635.40;10881.04;S
1654;416.30;416.30;N
1655;13118.41;13118.41;S
1656;1331.04;1331.04;N
1657;350.45;670.20;S
1658;4736.19;4968.54;S
1659;1659.37;1659.37;S
1660;2279.99;3262.94;S
1661;1771.98;1929.89;N
1662;1168.10;1291.76;N
1663;874.61;945.68;S
1664;2327.09;3083.06;S
1665;1311.76;856.94;S
1666;9168.02;10655.42;N
1667;2557.91;2443.19;N
1668;2728.49;1084.69;S
1669;747.63;747.63;S
1670;1005.61;1337.21;S
1671;2033.53;1819.64;N
1672;2971.14;3661.51;S
1673;1473.45;894.27;N
1674;2870.91;2870.91;S
1675;3112.10;3630.13;S
1676;614.00;614.00;N
1677;3632.96;4614.08;N
1678;7015.87;7289.10;S
1679;2083.97;2342.22;S
1680;2837.86;2837.86;S
1681;1341.45;1101.55;S
1682;729.55;729.55;S
1683;17667.23;19894.59;S
1684;837.31;878.22;N
1685;705.91;705.91;S
1686;1225.96;1225.96;S
1687;294.93;510.75;N
1688;2449.67;2657.25;S
1689;1210.66;1379.41;S
1690;2503.77;2674.19;S
1691;1031.45;1031.45;S
1692;139.82;248.74;N
1693;2629.47;3344.72;S
1694;913.15;3912.89;N
1695;1399.33;1700.63;S
1696;1970.77;1607.91;N
1697;4907.96;6384.92;S
1698;19428.46;19428.46;N
1699;3259.78;5574.36;N
1700;3917.43;3917.43;N
1701;882.95;1126.73;S
1702;684.71;802.53;S
1703;2698.78;2136.39;S
1704;128.50;426.64;N
1705;2424.59;3234.97;N
1706;608.52;722.82;S
1707;4829.17;5435.61;N
1708;1654.04;1915.25;S
1709;7108.68;7108.68;S
1710;3929.85;3929.85;N
1711;862.47;1084.82;N
1712;1486.14;1429.34;S
1713;2603.64;2440.54;S
1714;1364.86;1744.71;S
1715;337.12;202.53;N
1716;1048.54;1451.51;N
1717;2252.33;2204.47;N
1718;1017.52;734.02;S
1719;2248.63;2248.63;S
1720;2632.92;3175.85;S
1721;4669.84;4090.01;S
1722;976.84;1049.77;S
1723;8746.33;13334.87;S
1724;9184.27;10425.20;N
1725;1854.24;1915.86;S
1726;1746.87;1874.79;N
1727;2272.68;2951.89;N
1728;2975.90;3269.88;S
1729;1712.03;1327.71;S
1730;5062.84;5083.82;S
1731;697.73;733.04;N
1732;2561.33;3654.99;N
1733;1674.50;1674.50;S
1734;351.63;366.40;N
1735;1234.72;1740.36;S
1736;992.13;1223.19;S
1737;1408.52;1015.77;N
1738;884.76;791.39;S
1739;3989.67;4476.06;S
1740;1532.67;1517.51;S
1741;2974.25;2515.41;S
1742;67965.45;83574.98;N
1743;1090.97;745.93;S
1744;4700.62;4700.62;S
1745;3350.42;4003.51;S
1746;461.18;0.00;N
1747;1111.16;1115.01;N
1748;10068.83;10068.83;S
1749;4991.07;6386.23;N
1750;776.60;701.85;N
1751;1398.40;1228.57;N
1752;2428.59;2428.59;S
1753;1825.23;2202.43;S
1754;8977.77;11758.55;S
1755;1244.73;1314.32;N
1756;2594.43;3058.64;N
1757;1291.22;1811.77;S
1758;1743.73;2173.62;S
1759;211.66;86.69;N
1760;52467.57;58512.51;N
1761;1374.36;1108.24;N
1762;5071.16;5190.15;S
1763;4578.55;4551.84;S
1764;4691.49;3574.07;N
1765;1098.84;1562.65;N
1766;4940.87;4940.87;N
1767;256.07;0.00;S
1768;1040.23;861.96;N
1769;903.13;1119.36;N
1770;1536.93;1752.86;S
1771;197.40;447.74;S
1772;3223.05;3416.60;S
1773;1000.50;560.85;N
1774;1951.44;2174.06;S
1775;1440.04;1760.32;S
1776;1163.13;1163.13;N
1777;1925.30;1610.64;S
1778;3426.43;3042.15;N
1779;2571.01;2571.01;S
1780;4571.62;4492.24;S
1781;2788.75;2958.13;N
1782;1144.99;1039.64;N
1783;1417.12;1275.80;S
1784;17670.49;17670.49;N
1785;716.67;695.47;N
1786;2199.45;1588.27;S
1787;1479.68;2687.80;S
1788;1280.14;1194.33;N
1789;1923.61;1923.61;S
1790;2324.55;2363.98;S
1791;88.01;0.00;S
1792;1021.85;1543.02;S
1793;4810.21;5523.79;S
1794;1677.67;410.78;S
1795;1048.03;1032.08;S
1796;4580.28;3775.52;S
1797;17805.88;20725.67;S
1798;2992.95;2824.28;N
1799;8694.68;11545.48;S
1800;2820.21;3037.74;S
1801;1258.85;1109.31;S
1802;4148.88;5618.04;N
1803;181.59;181.59;N
1804;4558.93;5586.81;N
1805;302.93;775.51;S
1806;898.88;882.49;S
1807;2380.42;2022.60;N
1808;175.10;66.74;N
1809;1604.85;1775.39;S
1810;1255.28;1255.28;N
1811;803.41;806.21;S
1812;1847.81;2043.56;N
1813;1951.31;1779.58;S
1814;2127.95;2127.95;S
1815;3122.36;3760.71;N
1816;172.42;164.88;S
1817;3218.78;3218.78;S
1818;1625.31;1906.03;S
1819;5171.11;5798.83;S
1820;1158.17;1158.17;S
1821;988.19;988.19;N
1822;18561.40;23266.76;S
1823;1902.88;1902.88;S
1824;1613.61;830.83;N
1825;129.81;223.53;S
1826;5526.14;6820.26;S
1827;2519.92;3194.18;N
1828;2579.37;3864.95;S
1829;182.17;182.17;S
1830;3323.77;2870.32;S
1831;4154.40;4723.89;N
1832;1768.51;1920.09;S
1833;1548.90;1148.98;N
1834;1642.29;2024.86;S
1835;2295.71;2524.73;S
1836;4009.45;6502.29;S
1837;16.72;227.56;N
1838;1800.26;2406.31;N
1839;165.64;0.00;S
1840;8048.33;8539.22;S
1841;9860.04;9729.68;S
1842;1555.76;1893.78;S
1843;1143.79;908.24;S
1844;4292.17;5501.35;S
1845;1892.64;1892.64;N
1846;5759.23;311.16;N
1847;2471.11;2697.90;S
1848;978.99;1114.88;S
1849;5564.19;4038.83;S
1850;3449.27;3449.27;N
1851;2599.05;3116.57;N
1852;1638.06;1771.72;N
1853;1419.65;1630.22;S
1854;494.98;369.04;N
1855;2837.41;801.59;N
1856;2793.60;2319.42;N
1857;2903.79;2662.70;S
1858;4146.69;6048.96;N
1859;2025.64;3509.29;N
1860;4458.11;4683.73;N
1861;446.01;446.01;N
1862;12631.74;14959.75;S
1863;1348.54;1398.22;S
1864;2836.24;2884.74;N
1865;1497.19;1497.19;N
1866;1707.40;1669.48;S
1867;1111.48;1355.95;N
1868;1397.97;1510.61;N
1869;1263.37;823.93;N
1870;9072.87;9470.65;S
1871;1040.77;757.27;N
1872;12453.52;20.77;N
1873;3829.05;2589.22;N
1874;2888.60;2790.08;S
1875;1370.23;1608.13;N
1876;859.94;1097.60;N
1877;4014.91;3420.15;N
1878;2644.97;3455.09;N
1879;2497.13;2925.07;S
1880;347.60;674.64;S
1881;2947.35;2429.25;N
1882;12152.04;6532.28;N
1883;4892.54;4892.54;S
1884;2314.46;2314.46;S
1885;2358.35;2358.35;N
1886;2529.77;2266.01;N
1887;181.24;153.38;N
1888;2949.03;1917.36;N
1889;355.16;275.98;S
1890;985.64;1188.45;S
1891;2982.01;2982.01;S
1892;963.60;7816.82;S
1893;5942.41;6471.34;N
1894;7998.59;10557.22;N
1895;819.00;819.00;S
1896;1958.03;2060.01;S
1897;518.49;437.05;S
1898;9643.03;7175.27;N
1899;1365.69;1422.65;S
1900;9605.62;12491.89;S
1901;1663.51;1365.88;S
1902;1200.93;1203.74;S
1903;1082.39;1082.39;S
1904;2609.66;3607.09;S
1905;1041.63;1123.93;N
1906;2739.26;3408.67;S
1907;825.39;544.12;N
1908;2910.66;2910.66;S
1909;8562.05;8562.05;N
1910;640.42;640.42;S
1911;689.39;833.31;N
1912;19870.85;246.17;N
1913;7114.20;8722.22;N
1914;2272.61;1723.01;N
1915;3976.43;2915.56;N
1916;2222.97;3332.82;S
1917;1943.50;1339.92;S
1918;1570.11;1570.11;S
1919;4768.05;4121.79;S
1920;1109.34;1082.44;N
1921;615.32;8833.95;N
1922;317.92;334.93;S
1923;1200.65;1088.31;N
1924;194.34;295.97;S
1925;1556.85;1556.85;S
1926;684.76;333.09;N
1927;1143.49;1143.49;N
1928;1562.71;1604.10;S
1929;2073.92;3022.32;N
1930;2449.67;2145.77;S
1931;1919.43;1919.43;N
1932;1144.41;1947.84;S
1933;1020.94;1385.15;N
1934;402.23;711.06;S
1935;2443.89;2517.97;S
1936;216.96;216.96;N
1937;4318.65;5310.46;S
1938;2213.51;2213.51;S
1939;2300.32;2297.12;S
1940;2156.72;2072.09;S
1941;1666.99;1359.97;N
1942;3395.62;2540.02;S
1943;1933.02;1378.37;N
1944;8.67;140.67;N
1945;150.60;10.81;N
1946;3950.17;4274.56;S
1947;415.19;273.60;N
1948;16899.64;22648.91;S
1949;3271.20;2817.95;S
1950;2181.83;3605.35;N
1951;18864.91;18864.91;N
1952;1393.62;1393.62;S
1953;4337.81;3654.08;N
1954;2799.32;2799.32;S
1955;1169.06;1398.57;N
1956;1905.82;1905.82;N
1957;1448.93;2068.90;S
1958;551.27;551.27;S
1959;2734.64;2734.64;N
1960;6900.08;6900.08;S
1961;2335.63;2753.96;N
1962;8595.59;8078.69;S
1963;666.22;549.51;N
1964;74.41;391.88;N
1965;13.45;0.00;N
1966;3921.53;3876.17;N
1967;746.06;746.06;N
1968;5019.21;5515.15;S
1969;1476.04;1476.04;S
1970;2186.06;1197.08;N
1971;175.85;175.85;S
1972;1972.72;2013.46;S
1973;11624.24;10031.17;S
1974;1824.47;1444.56;S
1975;3129.31;3129.31;S
1976;2619.85;3696.00;S
1977;2088.23;2468.19;S
1978;262.44;233.91;N
1979;3626.95;1464.94;S
1980;9232.41;6601.40;S
1981;3839.19;3839.19;S
1982;1989.76;2120.31;S
1983;592.94;592.94;N
1984;1149.90;1473.64;S
1985;1227.74;928.62;N
1986;10597.60;13056.57;S
1987;943.34;1011.29;S
1988;2684.06;3155.15;S
1989;4728.20;5123.71;N
1990;326.20;262.71;S
1991;4109.99;3747.33;N
1992;2971.14;2799.47;S
1993;1019.40;1541.33;S
1994;1602.60;1909.15;S
1995;3552.42;3552.42;N
1996;246.59;507.50;N
1997;1320.04;1040.92;S
1998;7987.94;7987.94;N
1999;2194.94;2261.59;N
2000;260.99;260.99;N
